City_ID,City,Country,Date,Lat,Lng,Max Temp,Humidity,Cloudiness,Wind Speed
0,Mangan,IN,2021-12-29 01:57:20,27.5167,88.5333,51.57,97,100,1.03
1,Busselton,AU,2021-12-29 01:57:21,-33.65,115.3333,93.04,32,0,6.58
2,Kamenka,RU,2021-12-29 01:57:21,51.3223,42.7678,9.75,90,100,12.71
3,Severo-Kurilsk,RU,2021-12-29 01:53:58,50.6789,156.125,29.19,84,100,28.61
4,Cayenne,GF,2021-12-29 01:57:22,4.9333,-52.3333,75.24,92,75,2.3
5,Ushuaia,AR,2021-12-29 01:57:22,-54.8,-68.3,53.26,50,40,13.8
6,Los Llanos De Aridane,ES,2021-12-29 01:57:22,28.6585,-17.9182,60.55,77,75,6.91
7,Tuatapere,NZ,2021-12-29 01:57:23,-46.1333,167.6833,59.83,65,91,10.11
8,Yellowknife,CA,2021-12-29 01:54:29,62.456,-114.3525,-32.71,78,20,4.61
9,Bogorodskoye,RU,2021-12-29 01:57:23,56.55,37.8833,3.09,99,100,5.5
10,Puerto Ayora,EC,2021-12-29 01:57:24,-0.7393,-90.3518,71.55,90,80,4.0
11,New Norfolk,AU,2021-12-29 01:57:24,-42.7826,147.0587,80.65,18,18,5.01
12,Sioux Lookout,CA,2021-12-29 01:57:25,50.1001,-91.917,8.98,85,90,4.61
13,Bluff,NZ,2021-12-29 01:57:25,-46.6,168.3333,59.81,60,76,15.01
14,Saint-Philippe,RE,2021-12-29 01:57:26,-21.3585,55.7679,76.59,86,100,15.03
15,Tselinnoye,RU,2021-12-29 01:57:26,53.0833,85.6667,9.79,95,100,4.97
16,Airai,TL,2021-12-29 01:57:27,-8.9266,125.4092,73.98,61,55,3.76
17,Port Alfred,ZA,2021-12-29 01:57:28,-33.5906,26.891,64.89,83,99,5.44
18,Rikitea,PF,2021-12-29 01:57:28,-23.1203,-134.9692,78.73,75,50,9.82
19,Chifeng,CN,2021-12-29 01:57:28,42.2683,118.9636,16.23,43,2,10.09
20,Hermanus,ZA,2021-12-29 01:57:29,-34.4187,19.2345,58.89,79,58,4.68
21,Hithadhoo,MV,2021-12-29 01:57:29,-0.6,73.0833,82.15,72,96,13.98
22,Mahebourg,MU,2021-12-29 01:57:30,-20.4081,57.7,78.26,78,40,11.5
23,Leningradskiy,RU,2021-12-29 01:57:30,69.3833,178.4167,-24.07,96,100,3.96
24,Staryy Nadym,RU,2021-12-29 01:57:31,65.6118,72.6842,-3.01,97,100,8.5
25,Paamiut,GL,2021-12-29 01:57:31,61.994,-49.6678,14.13,69,7,6.26
26,Salalah,OM,2021-12-29 01:57:32,17.0151,54.0924,68.76,61,0,1.25
27,Fairbanks,US,2021-12-29 01:53:44,64.8378,-147.7164,22.23,91,90,11.5
28,San Cristobal,VE,2021-12-29 01:57:32,7.7669,-72.225,69.98,92,100,0.98
29,Novonikolayevskiy,RU,2021-12-29 01:57:32,50.9738,42.3649,9.79,89,100,13.89
30,Vaini,TO,2021-12-29 01:57:33,-21.2,-175.2,87.96,66,75,10.36
31,Ambanja,MG,2021-12-29 01:57:33,-13.6833,48.45,75.31,92,79,2.98
32,Iqaluit,CA,2021-12-29 01:57:34,63.7506,-68.5145,11.93,66,90,5.99
33,Eyemouth,GB,2021-12-29 01:57:34,55.8713,-2.0901,37.83,83,100,6.64
34,Cherskiy,RU,2021-12-29 01:57:35,68.75,161.3,-41.19,98,100,1.86
35,Bandarbeyla,SO,2021-12-29 01:57:35,9.4942,50.8122,73.9,71,68,11.14
36,Punta Arenas,CL,2021-12-29 01:57:36,-53.15,-70.9167,55.51,58,90,8.05
37,Bredasdorp,ZA,2021-12-29 01:57:36,-34.5322,20.0403,60.12,77,100,4.61
38,Edea,CM,2021-12-29 01:57:37,3.8,10.1333,74.98,94,100,0.98
39,Half Moon Bay,US,2021-12-29 01:57:37,37.4636,-122.4286,48.97,88,90,8.05
40,Victoria,HK,2021-12-29 01:53:00,22.2855,114.1577,68.25,75,100,1.99
41,San Quintin,MX,2021-12-29 01:57:38,30.4833,-115.95,57.27,71,84,10.85
42,Tiarei,PF,2021-12-29 01:57:38,-17.5333,-149.3333,77.02,78,100,9.64
43,Hilo,US,2021-12-29 01:57:39,19.7297,-155.09,74.25,9,89,6.24
44,Hobart,AU,2021-12-29 01:54:34,-42.8794,147.3294,81.01,51,75,1.99
45,Toba Tek Singh,PK,2021-12-29 01:57:39,30.9743,72.4827,48.67,59,0,3.31
46,Tahe,CN,2021-12-29 01:57:40,52.3333,124.7333,-9.26,69,27,9.04
47,Albany,US,2021-12-29 01:57:35,42.6001,-73.9662,36.63,76,100,1.25
48,Shingu,JP,2021-12-29 01:57:42,33.7333,135.9833,49.19,57,67,2.55
49,Carnarvon,AU,2021-12-29 01:58:42,-24.8667,113.6333,102.27,8,3,14.97
50,Qingdao,CN,2021-12-29 01:53:48,36.0986,120.3719,33.4,47,0,11.18
51,Ribeira Grande,PT,2021-12-29 01:58:43,38.5167,-28.7,61.97,82,100,25.75
52,Mehamn,NO,2021-12-29 01:58:43,71.0357,27.8492,14.25,85,45,9.26
53,Anori,BR,2021-12-29 01:58:43,-3.7728,-61.6442,75.0,91,100,2.98
54,Carahue,CL,2021-12-29 01:58:44,-38.7,-73.1667,61.0,89,57,3.27
55,Tiksi,RU,2021-12-29 01:58:45,71.6872,128.8694,-18.22,100,100,3.8
56,Butaritari,KI,2021-12-29 01:58:45,3.0707,172.7902,81.84,74,44,6.73
57,Lewiston,US,2021-12-29 01:58:46,44.1003,-70.2148,35.46,89,100,2.64
58,Te Anau,NZ,2021-12-29 01:58:46,-45.4167,167.7167,61.99,50,37,4.38
59,Deputatskiy,RU,2021-12-29 01:58:47,69.3,139.9,-35.05,100,82,1.74
60,Biala Podlaska,PL,2021-12-29 01:58:47,52.0324,23.1165,20.05,91,100,14.99
61,Vanavara,RU,2021-12-29 01:58:48,60.34,102.2797,-30.6,100,13,1.59
62,Mataura,NZ,2021-12-29 01:58:48,-46.1927,168.8643,59.49,57,100,6.29
63,Vaitape,PF,2021-12-29 01:58:49,-16.5167,-151.75,81.18,73,100,11.59
64,Mvuma,ZW,2021-12-29 01:58:49,-19.2792,30.5283,65.59,87,98,5.1
65,Berezniki,RU,2021-12-29 01:58:50,59.4152,56.8124,4.84,95,100,7.31
66,Plettenberg Bay,ZA,2021-12-29 01:58:50,-34.0527,23.3716,60.33,85,90,4.12
67,Grand Gaube,MU,2021-12-29 01:58:51,-20.0064,57.6608,78.39,75,96,5.99
68,Oeiras Do Para,BR,2021-12-29 01:58:51,-2.0031,-49.8544,74.41,96,88,2.73
69,Kommunisticheskiy,RU,2021-12-29 01:58:52,61.6789,64.4819,-8.28,96,95,4.97
70,Narsaq,GL,2021-12-29 01:58:52,60.9167,-46.05,12.36,54,0,6.93
71,Coos Bay,US,2021-12-29 01:58:53,43.3665,-124.2179,41.23,99,100,4.63
72,Hamilton,US,2021-12-29 01:54:56,39.1834,-84.5333,53.78,96,100,6.33
73,Simplicio Mendes,BR,2021-12-29 01:58:54,-7.8539,-41.9103,73.51,79,95,4.21
74,Aykhal,RU,2021-12-29 01:58:54,66.0,111.5,-26.32,100,89,6.04
75,Khatanga,RU,2021-12-29 01:58:55,71.9667,102.5,-19.93,92,72,4.94
76,Chicacao,GT,2021-12-29 01:58:55,14.5333,-91.3167,76.15,85,14,3.47
77,Cape Town,ZA,2021-12-29 01:54:01,-33.9258,18.4232,61.11,81,75,1.01
78,Atuona,PF,2021-12-29 01:58:56,-9.8,-139.0333,78.93,74,7,19.24
79,Jamestown,US,2021-12-29 01:57:04,42.097,-79.2353,34.3,95,90,5.01
80,Tasiilaq,GL,2021-12-29 01:58:57,65.6145,-37.6368,-2.2,67,9,5.14
81,Tenosique,MX,2021-12-29 01:58:57,17.4833,-91.4333,75.02,81,0,6.78
82,Normandin,CA,2021-12-29 01:58:57,48.8333,-72.5321,8.91,78,46,5.75
83,Azare,NG,2021-12-29 01:58:58,11.6765,10.1948,62.82,17,38,8.5
84,Hirara,JP,2021-12-29 01:58:59,24.8,125.2833,71.87,73,75,9.22
85,Fortuna,US,2021-12-29 01:58:59,40.5982,-124.1573,45.66,94,75,8.99
86,Esperance,AU,2021-12-29 01:59:00,-33.8667,121.9,73.24,49,0,12.01
87,Avarua,CK,2021-12-29 01:59:00,-21.2078,-159.775,78.85,69,40,18.41
88,Alyangula,AU,2021-12-29 01:59:01,-13.8483,136.4192,84.07,84,90,12.66
89,Saskylakh,RU,2021-12-29 01:59:01,71.9167,114.0833,-29.33,100,66,4.94
90,Cabo San Lucas,MX,2021-12-29 01:59:01,22.8909,-109.9124,74.52,72,9,7.0
91,Uspenskaya,RU,2021-12-29 01:59:02,45.7645,41.067,36.63,89,100,8.75
92,Uaua,BR,2021-12-29 01:59:02,-9.8414,-39.4817,73.94,73,98,9.6
93,Kemin,KG,2021-12-29 01:59:03,42.7846,75.6892,25.72,56,13,9.86
94,Moa,CU,2021-12-29 01:59:03,20.6569,-74.9403,75.29,87,21,8.88
95,Souillac,MU,2021-12-29 01:59:04,-20.5167,57.5167,78.37,78,40,11.5
96,East London,ZA,2021-12-29 02:00:05,-33.0153,27.9116,64.35,79,75,4.81
97,Korla,CN,2021-12-29 02:00:06,41.7597,86.1469,15.93,76,18,2.86
98,Banjar,ID,2021-12-29 02:00:08,-8.19,114.9675,76.86,65,25,2.71
99,Bethel,US,2021-12-29 02:00:09,41.3712,-73.414,43.05,76,100,3.27
100,Soyo,AO,2021-12-29 02:00:10,-6.1349,12.3689,75.52,87,100,5.99
101,Moskovskiy,RU,2021-12-29 02:00:11,55.5991,37.355,14.07,92,90,6.71
102,Ponta Do Sol,PT,2021-12-29 02:00:12,32.6667,-17.1,67.01,84,16,9.82
103,Bend,US,2021-12-29 01:56:52,44.0582,-121.3153,30.58,85,1,1.01
104,Toora-Khem,RU,2021-12-29 02:00:13,52.4675,96.11,-6.61,99,98,0.72
105,Port Elizabeth,ZA,2021-12-29 02:00:14,-33.918,25.5701,65.1,88,100,4.85
106,Roma,US,2021-12-29 02:00:15,43.2128,-75.4557,35.46,86,100,1.99
107,Padang,ID,2021-12-29 01:59:12,-0.9492,100.3543,82.45,72,98,0.89
108,Luderitz,NA,2021-12-29 02:00:16,-26.6481,15.1594,61.95,77,0,7.05
109,Mitsamiouli,KM,2021-12-29 02:00:16,-11.3847,43.2844,80.67,78,100,7.9
110,Georgetown,MY,2021-12-29 02:00:05,5.4112,100.3354,84.13,71,20,9.22
111,Nikolskoye,RU,2021-12-29 02:00:17,59.7035,30.7861,22.39,83,100,9.22
112,Itaituba,BR,2021-12-29 02:00:18,-4.2761,-55.9836,73.69,97,100,1.66
113,Sao Filipe,CV,2021-12-29 02:00:19,14.8961,-24.4956,75.67,69,11,4.94
114,Wagar,SD,2021-12-29 02:00:19,16.1525,36.2032,70.79,64,58,14.05
115,Garowe,SO,2021-12-29 02:00:20,8.4054,48.4845,62.47,89,8,7.7
116,Chuy,UY,2021-12-29 02:00:21,-33.6971,-53.4616,64.45,80,0,8.21
117,Abu Zabad,SD,2021-12-29 02:00:21,12.35,29.25,66.43,17,87,13.13
118,Oistins,BB,2021-12-29 02:00:22,13.0667,-59.5333,78.22,74,12,16.91
119,Baykit,RU,2021-12-29 02:00:23,61.67,96.37,-7.6,98,100,2.53
120,Kapaa,US,2021-12-29 02:00:23,22.0752,-159.319,78.78,74,100,3.0
121,Parrita,CR,2021-12-29 02:00:24,9.5201,-84.3225,79.52,86,53,2.48
122,Vao,NC,2021-12-29 02:00:24,-22.6667,167.4833,79.18,79,84,7.34
123,Barrow,US,2021-12-29 02:00:25,71.2906,-156.7887,-21.98,76,1,9.22
124,Cooma,AU,2021-12-29 02:00:25,-36.2333,149.1333,74.35,28,29,5.32
125,Obo,CF,2021-12-29 02:00:26,5.3998,26.4869,75.49,52,100,3.67
126,Chokurdakh,RU,2021-12-29 02:00:26,70.6333,147.9167,-46.61,100,85,1.57
127,Guozhen,CN,2021-12-29 02:00:27,34.3659,107.359,35.02,48,52,1.01
128,La Rioja,ES,2021-12-29 01:56:33,42.25,-2.5,49.05,82,67,7.34
129,Bengkulu,ID,2021-12-29 02:00:28,-3.8004,102.2655,77.76,84,100,2.89
130,Bubaque,GW,2021-12-29 02:00:28,11.2833,-15.8333,79.84,74,8,7.34
131,Korhogo,CI,2021-12-29 02:00:29,9.45,-5.6333,74.71,18,100,3.29
132,Champerico,GT,2021-12-29 02:00:29,14.3,-91.9167,81.77,70,0,6.62
133,Nador,MA,2021-12-29 02:00:30,35.174,-2.9287,62.85,67,0,5.75
134,Dutse,NG,2021-12-29 02:00:30,11.7594,9.3392,62.65,18,1,8.28
135,Labuhan,ID,2021-12-29 02:00:31,-6.8844,112.2051,80.8,78,100,7.61
136,Kosh-Agach,RU,2021-12-29 02:00:31,50.0,88.6667,-12.23,93,92,2.84
137,Atar,MR,2021-12-29 02:00:32,20.5169,-13.0499,69.22,20,0,7.76
138,Sinnamary,GF,2021-12-29 02:00:32,5.3833,-52.95,76.96,91,100,8.97
139,Cidreira,BR,2021-12-29 02:00:33,-30.1811,-50.2056,70.92,70,1,12.08
140,Lorengau,PG,2021-12-29 02:00:33,-2.0226,147.2712,83.55,76,100,5.5
141,Khakhea,BW,2021-12-29 02:00:34,-24.6895,23.494,68.63,45,24,6.46
142,Udachnyy,RU,2021-12-29 02:00:34,66.4167,112.4,-36.47,100,40,4.03
143,Cururupu,BR,2021-12-29 02:01:35,-1.8283,-44.8683,75.24,96,56,3.27
144,Haimen,CN,2021-12-29 02:01:37,23.1935,116.6142,61.93,73,17,6.13
145,Pandan,PH,2021-12-29 02:01:37,14.0453,124.1694,79.72,77,64,18.39
146,Oktyabrskoye,RU,2021-12-29 02:01:38,43.0645,44.7417,28.54,100,94,4.47
147,Tuktoyaktuk,CA,2021-12-29 02:01:38,69.4541,-133.0374,-21.17,100,95,10.0
148,Chara,RU,2021-12-29 02:01:39,56.9064,118.2631,-20.51,82,95,1.88
149,Smithers,CA,2021-12-29 02:01:39,54.7804,-127.1743,-0.67,97,46,0.67
150,Dikson,RU,2021-12-29 02:01:39,73.5069,80.5464,1.8,90,100,12.26
151,San Onofre,CO,2021-12-29 02:01:40,9.7359,-75.5263,76.69,83,100,4.63
152,Mokhsogollokh,RU,2021-12-29 02:01:40,61.4681,128.9203,-42.41,98,86,1.79
153,Somerset,US,2021-12-29 02:01:41,40.5668,-74.5496,45.9,85,90,1.99
154,Key Largo,US,2021-12-29 02:00:00,25.0865,-80.4473,74.98,64,11,11.88
155,Vallenar,CL,2021-12-29 02:01:42,-28.5708,-70.7581,66.96,65,0,3.85
156,Konevo,RU,2021-12-29 02:01:43,62.1215,39.3192,11.8,96,100,5.79
157,Dali,CN,2021-12-29 02:01:43,25.7,100.1833,49.53,62,0,1.81
158,Billings,US,2021-12-29 02:00:00,45.7833,-108.5007,17.29,74,100,3.4
159,Goderich,CA,2021-12-29 02:00:29,43.7501,-81.7165,32.92,92,100,7.45
160,Lakes Entrance,AU,2021-12-29 02:01:44,-37.8811,147.981,67.73,56,0,6.78
161,Vostok,RU,2021-12-29 02:01:45,46.4856,135.8833,4.44,91,100,2.42
162,Lae,PG,2021-12-29 02:01:46,-6.7221,146.9847,88.77,62,100,6.51
163,Akdepe,TM,2021-12-29 02:01:46,42.0551,59.3788,10.4,81,88,7.38
164,Muzhi,RU,2021-12-29 02:01:47,65.3667,64.6667,-18.13,100,98,2.21
165,Kenai,US,2021-12-29 02:01:47,60.5544,-151.2583,35.1,96,100,3.09
166,Cairns,AU,2021-12-29 01:57:41,-16.9167,145.7667,78.06,97,90,9.22
167,Lebu,CL,2021-12-29 02:01:48,-37.6167,-73.65,55.85,91,13,7.36
168,Lompoc,US,2021-12-29 02:01:49,34.6391,-120.4579,52.57,82,9,1.01
169,Shimoda,JP,2021-12-29 02:01:49,34.6667,138.95,53.71,57,38,12.73
170,Piraju,BR,2021-12-29 02:01:50,-23.1936,-49.3839,65.55,93,50,8.9
171,Buala,SB,2021-12-29 02:01:50,-8.145,159.5921,84.31,78,80,5.32
172,Faanui,PF,2021-12-29 02:01:51,-16.4833,-151.75,81.25,73,99,11.68
173,San Vicente,AR,2021-12-29 02:01:51,-26.6167,-54.1333,69.89,30,84,2.89
174,Klaksvik,FO,2021-12-29 02:01:51,62.2266,-6.589,32.92,79,98,11.03
175,Norman Wells,CA,2021-12-29 02:01:52,65.282,-126.8329,-23.8,97,84,2.68
176,Coronado,US,2021-12-29 02:00:31,32.6859,-117.1831,53.62,85,75,6.91
177,Flagstaff,US,2021-12-29 02:00:18,35.1981,-111.6513,29.41,91,90,10.36
178,Bogande,BF,2021-12-29 02:01:53,12.9714,-0.1436,70.68,16,100,7.14
179,Shaunavon,CA,2021-12-29 02:01:54,49.6501,-108.4181,-6.81,93,100,13.18
180,Evanston,US,2021-12-29 01:58:47,42.0411,-87.6901,37.51,95,90,1.99
181,Slupca,PL,2021-12-29 02:01:55,52.2873,17.8719,30.7,94,100,11.27
182,Mar Del Plata,AR,2021-12-29 01:59:11,-38.0023,-57.5575,73.09,97,40,1.01
183,Ilulissat,GL,2021-12-29 02:01:55,69.2167,-51.1,-2.06,71,97,5.5
184,Castro,BR,2021-12-29 02:01:55,-24.7911,-50.0119,61.29,91,92,7.54
185,Bambous Virieux,MU,2021-12-29 02:01:56,-20.3428,57.7575,78.22,76,97,17.05
186,Uchiza,PE,2021-12-29 01:59:18,-8.4592,-76.4633,71.96,98,100,1.14
187,Kamaishi,JP,2021-12-29 02:02:57,39.2667,141.8833,40.64,59,57,11.23
188,Buraydah,SA,2021-12-29 02:00:55,26.326,43.975,57.38,90,100,11.9
189,Comodoro Rivadavia,AR,2021-12-29 02:02:57,-45.8667,-67.5,66.9,48,65,8.25
190,Genova,IT,2021-12-29 02:02:58,44.5,9.0667,48.02,91,73,3.0
191,Hovd,MN,2021-12-29 02:02:58,48.0056,91.6419,-0.9,79,5,2.75
192,Dongsheng,CN,2021-12-29 02:02:59,39.8161,109.9776,12.16,42,0,11.3
193,Montepuez,MZ,2021-12-29 02:02:59,-13.1256,38.9997,68.56,96,100,4.0
194,Olinda,BR,2021-12-29 01:59:15,-8.0089,-34.8553,80.33,74,40,11.5
195,Council Bluffs,US,2021-12-29 02:03:00,41.2619,-95.8608,19.62,62,1,5.01
196,Namibe,AO,2021-12-29 02:03:00,-15.1961,12.1522,68.97,66,50,7.99
197,Caceres,ES,2021-12-29 02:03:01,39.522,-6.3748,52.81,95,4,2.42
198,Ulladulla,AU,2021-12-29 02:03:01,-35.35,150.4667,77.77,55,57,9.24
199,Igrim,RU,2021-12-29 02:03:02,63.1906,64.4162,-17.77,100,84,2.55
200,Belawan,ID,2021-12-29 02:03:02,3.7755,98.6832,79.09,77,95,4.85
201,Mayuge,UG,2021-12-29 02:03:03,0.4597,33.4803,66.13,85,91,2.37
202,Araceli,PH,2021-12-29 02:03:03,10.5529,119.9913,81.12,75,100,25.64
203,Matagami,CA,2021-12-29 02:03:04,49.7502,-77.6328,-9.54,100,7,2.62
204,Kuytun,RU,2021-12-29 02:03:05,54.3419,101.5036,4.32,97,100,1.34
205,Cordoba,AR,2021-12-29 02:03:05,-31.4135,-64.1811,79.59,50,1,1.99
206,Spirit River,CA,2021-12-29 02:03:06,55.7833,-118.8361,-8.88,95,99,5.06
207,Dzilam Gonzalez,MX,2021-12-29 02:03:06,21.2833,-88.9333,77.54,68,0,9.6
208,Orbetello,IT,2021-12-29 02:03:07,42.4408,11.2196,57.24,92,100,6.49
209,Helena,US,2021-12-29 01:58:07,46.5927,-112.0361,13.32,80,100,1.99
210,Qaanaaq,GL,2021-12-29 02:03:07,77.484,-69.3632,-3.73,51,22,6.04
211,Thompson,CA,2021-12-29 02:03:08,55.7435,-97.8558,-7.44,77,90,3.44
212,Shangrao,CN,2021-12-29 02:03:08,28.4532,117.9686,41.85,90,100,3.02
213,Nalut,LY,2021-12-29 02:03:09,30.3333,10.85,52.3,63,0,8.12
214,Beloha,MG,2021-12-29 02:03:09,-25.1667,45.05,74.19,71,78,4.45
215,Ojinaga,MX,2021-12-29 02:03:10,29.5667,-104.4167,74.35,35,1,8.05
216,Northam,GB,2021-12-29 02:03:10,51.0333,-4.2167,49.48,97,100,12.86
217,Pemangkat,ID,2021-12-29 02:03:11,1.1667,108.9667,81.86,77,98,2.75
218,Khani,GE,2021-12-29 02:03:11,41.9563,42.9566,24.37,74,97,8.37
219,Broken Hill,AU,2021-12-29 02:03:12,-31.95,141.4333,87.24,25,13,11.45
220,Longyearbyen,SJ,2021-12-29 02:03:12,78.2186,15.6401,4.84,85,0,10.36
221,Waipawa,NZ,2021-12-29 02:03:13,-41.4122,175.5153,64.45,63,82,7.02
222,Petrov Val,RU,2021-12-29 02:03:13,50.1434,45.2096,8.24,91,100,11.99
223,Granadilla De Abona,ES,2021-12-29 02:03:14,28.1188,-16.576,64.44,64,20,8.05
224,Lubango,AO,2021-12-29 02:03:14,-14.9172,13.4925,58.71,69,21,2.71
225,Geraldton,AU,2021-12-29 02:03:14,-28.7667,114.6,100.81,11,0,9.22
226,Jieshi,CN,2021-12-29 02:03:15,22.8134,115.8257,62.94,74,21,5.46
227,Belmonte,BR,2021-12-29 02:03:15,-15.8631,-38.8828,76.03,89,100,4.94
228,Lake Havasu City,US,2021-12-29 02:03:16,34.4839,-114.3224,55.4,45,90,1.99
229,Pacific Grove,US,2021-12-29 02:03:16,36.6177,-121.9166,50.11,84,90,5.01
230,Margate,GB,2021-12-29 02:03:17,51.3813,1.3862,48.69,79,100,1.99
231,Srednekolymsk,RU,2021-12-29 02:03:17,67.45,153.6833,-30.14,98,100,6.06
232,Ambon,ID,2021-12-29 02:02:39,-3.6954,128.1814,89.74,66,40,11.5
233,Kodiak,US,2021-12-29 02:04:18,57.79,-152.4072,38.57,73,84,5.26
234,Flinders,AU,2021-12-29 02:04:19,-34.5833,150.8552,76.17,64,55,4.0
235,Yulara,AU,2021-12-29 02:04:19,-25.2406,130.9889,93.97,8,14,16.06
236,Provideniya,RU,2021-12-29 02:04:20,64.3833,-173.3,9.41,96,100,9.28
237,Bathsheba,BB,2021-12-29 02:04:20,13.2167,-59.5167,79.41,73,20,13.8
238,Uruacu,BR,2021-12-29 02:04:21,-14.5247,-49.1408,69.71,96,21,2.33
239,Acari,PE,2021-12-29 02:04:21,-15.4311,-74.6158,71.24,83,83,4.14
240,Sitka,US,2021-12-29 01:59:25,57.0531,-135.33,27.63,74,6,5.75
241,Taltal,CL,2021-12-29 02:00:20,-25.4,-70.4833,66.81,78,1,5.03
242,Fort Dodge,US,2021-12-29 02:02:20,42.4975,-94.168,19.44,79,90,10.36
243,Kirkenes,NO,2021-12-29 02:04:22,69.7271,30.0458,2.35,85,100,3.44
244,Sur,OM,2021-12-29 02:04:23,22.5667,59.5289,70.81,71,100,1.16
245,Finnsnes,NO,2021-12-29 02:04:23,69.2296,17.9811,16.34,85,100,5.59
246,Mildura,AU,2021-12-29 02:04:24,-34.2,142.15,91.08,27,0,8.57
247,Mansa,IN,2021-12-29 02:04:24,29.9833,75.3833,46.65,56,0,4.81
248,Guerrero Negro,MX,2021-12-29 02:04:25,27.9769,-114.0611,57.88,64,99,5.73
249,Candido De Abreu,BR,2021-12-29 02:04:25,-24.5669,-51.3333,71.67,69,83,5.86
250,Egvekinot,RU,2021-12-29 02:04:26,66.3167,-179.1667,-16.06,91,100,22.35
251,Mosetse,BW,2021-12-29 02:04:26,-20.75,26.65,71.26,70,93,8.39
252,Mandalgovi,MN,2021-12-29 02:04:27,45.7625,106.2708,11.62,46,98,4.88
253,Bereda,ES,2021-12-29 02:04:28,43.2686,-7.5406,59.41,90,100,8.32
254,Upernavik,GL,2021-12-29 02:04:28,72.7868,-56.1549,-2.74,94,74,4.07
255,Varkkallai,IN,2021-12-29 02:04:29,8.7341,76.7067,74.98,79,79,5.82
256,Meulaboh,ID,2021-12-29 02:04:29,4.1363,96.1285,79.0,79,72,3.53
257,Touros,BR,2021-12-29 02:04:30,-5.1989,-35.4608,79.7,78,79,12.91
258,Emba,KZ,2021-12-29 02:04:30,48.8264,58.1442,0.66,82,100,7.56
259,Lucea,JM,2021-12-29 02:04:31,18.451,-78.1736,75.85,80,16,10.51
260,Suratgarh,IN,2021-12-29 02:04:32,29.3167,73.9,50.45,59,0,6.71
261,Jasper,US,2021-12-29 02:04:32,37.2001,-94.3502,52.05,50,1,4.0
262,Naxos,GR,2021-12-29 02:00:19,37.1056,25.3764,60.3,85,97,4.0
263,Petropavlovsk-Kamchatskiy,RU,2021-12-29 02:02:54,53.0452,158.6483,16.39,67,0,6.71
264,Talnakh,RU,2021-12-29 02:04:33,69.4865,88.3972,4.21,94,100,7.43
265,Ivanava,BY,2021-12-29 02:04:34,52.1451,25.5365,14.18,87,51,11.12
266,Arraial Do Cabo,BR,2021-12-29 02:04:34,-22.9661,-42.0278,74.95,86,100,7.31
267,Namtsy,RU,2021-12-29 02:04:35,62.7161,129.6658,-52.49,98,100,0.78
268,Ishigaki,JP,2021-12-29 02:04:35,24.3448,124.1572,71.4,68,98,12.77
269,Cockburn Town,TC,2021-12-29 02:01:33,21.4612,-71.1419,79.14,75,55,20.22
270,Bilma,NE,2021-12-29 02:04:35,18.6853,12.9164,58.96,22,0,11.32
271,Igarka,RU,2021-12-29 02:04:36,67.4667,86.5833,1.54,94,100,14.47
272,Sao Geraldo Do Araguaia,BR,2021-12-29 02:04:36,-6.4006,-48.555,73.58,96,78,2.01
273,Rio Gallegos,AR,2021-12-29 02:04:37,-51.6226,-69.2181,55.45,67,0,35.68
274,Batagay-Alyta,RU,2021-12-29 02:04:37,67.8006,130.4114,-29.9,94,82,6.04
275,Codrington,AU,2021-12-29 02:04:38,-38.2667,141.9667,68.29,53,0,13.29
276,Hay River,CA,2021-12-29 02:04:38,60.8156,-115.7999,-22.63,100,98,5.14
277,Katsuura,JP,2021-12-29 02:04:39,35.1333,140.3,42.91,57,78,10.29
278,Gilching,DE,2021-12-29 02:04:58,48.1021,11.2977,47.55,82,90,21.85
279,Walvis Bay,NA,2021-12-29 02:05:40,-22.9575,14.5053,63.09,83,2,7.47
280,Kahului,US,2021-12-29 02:05:40,20.8947,-156.47,78.06,74,40,20.71
281,Trofors,NO,2021-12-29 02:05:41,65.5333,13.4063,20.55,92,45,4.7
282,Thinadhoo,MV,2021-12-29 02:05:42,0.5333,72.9333,81.46,74,74,13.35
283,Roald,NO,2021-12-29 02:05:42,62.5833,6.1333,37.54,81,90,11.5
284,Gimli,CA,2021-12-29 02:05:42,50.6336,-96.9907,-7.56,96,100,7.18
285,Auki,SB,2021-12-29 02:05:43,-8.7676,160.7034,86.0,69,85,7.99
286,Miramar,US,2021-12-29 02:05:43,25.9873,-80.2323,75.0,79,1,0.0
287,Port Augusta,AU,2021-12-29 02:05:44,-32.5,137.7667,95.7,24,0,11.59
288,Doha,QA,2021-12-29 02:05:44,25.2867,51.5333,64.38,77,0,4.61
289,Sao Joao Da Barra,BR,2021-12-29 02:05:45,-21.6403,-41.0511,74.46,93,100,6.87
290,Komsomolskiy,UZ,2021-12-29 02:05:45,40.4272,71.7189,23.72,80,100,4.61
291,Ziro,IN,2021-12-29 02:05:46,27.6333,93.8333,30.94,62,15,3.6
292,Ngunguru,NZ,2021-12-29 02:05:47,-35.6167,174.5,74.16,49,1,10.67
293,Coquimbo,CL,2021-12-29 02:05:47,-29.9533,-71.3436,62.33,77,0,5.75
294,Saldanha,ZA,2021-12-29 02:05:48,-33.0117,17.9442,60.73,81,25,6.62
295,Saint Anthony,US,2021-12-29 02:05:48,45.0205,-93.218,24.64,90,90,3.0
296,Waiuku,NZ,2021-12-29 02:05:48,-37.25,174.75,75.97,65,0,12.08
297,Mao,ES,2021-12-29 02:05:49,39.8885,4.2658,59.56,77,0,9.22
298,Tarko-Sale,RU,2021-12-29 02:05:49,64.9225,77.785,-4.07,98,100,10.27
299,Saint George,US,2021-12-29 02:05:50,37.1041,-113.5841,43.63,66,90,1.01
300,Biak,ID,2021-12-29 02:05:50,-0.9131,122.8766,83.82,61,79,0.67
301,Pierre,US,2021-12-29 02:05:51,44.3683,-100.351,1.85,73,1,3.0
302,Tiznit,MA,2021-12-29 02:05:51,29.5833,-9.5,61.9,47,0,4.65
303,Ouesso,CG,2021-12-29 02:05:52,1.6136,16.0517,69.55,96,99,2.48
304,Ahipara,NZ,2021-12-29 02:05:52,-35.1667,173.1667,68.74,53,2,14.85
305,Ust-Nera,RU,2021-12-29 02:05:52,64.5667,143.2,-24.29,97,100,4.41
306,Alofi,NU,2021-12-29 02:05:53,-19.0595,-169.9187,79.93,71,51,11.01
307,Port Blair,IN,2021-12-29 02:05:53,11.6667,92.75,82.22,73,3,16.46
308,Vengerovo,RU,2021-12-29 02:05:54,55.6848,76.7471,1.0,100,94,5.73
309,Cleveland,US,2021-12-29 02:03:35,41.4995,-81.6954,38.21,92,90,1.99
310,Luau,AO,2021-12-29 02:05:54,-10.7073,22.2247,64.31,98,100,3.58
311,Brokopondo,SR,2021-12-29 02:05:55,4.75,-55.1667,76.32,90,100,8.99
312,Lhokseumawe,ID,2021-12-29 02:05:55,5.1801,97.1507,80.89,71,100,6.08
313,Matata,NZ,2021-12-29 02:03:06,-37.8833,176.75,82.13,49,0,13.06
314,Vila Franca Do Campo,PT,2021-12-29 02:05:56,37.7167,-25.4333,67.19,92,100,31.56
315,Fallon,US,2021-12-29 02:05:57,39.4735,-118.7774,31.42,86,90,0.0
316,Ilhabela,BR,2021-12-29 02:05:57,-23.7781,-45.3581,73.74,86,100,3.06
317,Rodeo,US,2021-12-29 02:05:57,38.033,-122.2669,49.17,82,90,1.01
318,Necochea,AR,2021-12-29 02:05:58,-38.5473,-58.7368,66.04,96,93,9.75
319,Yuzhnyy,RU,2021-12-29 02:05:58,53.2542,83.6936,16.18,79,0,11.18
320,Grenada,ES,2021-12-29 02:05:59,37.1882,-3.6067,53.19,100,0,0.0
321,Yablonovo,RU,2021-12-29 02:05:59,50.8523,37.3574,17.46,94,100,18.54
322,San Patricio,US,2021-12-29 02:05:59,28.017,-97.5169,73.83,82,6,9.48
323,Erdenet,MN,2021-12-29 02:07:00,49.0333,104.0833,0.09,75,52,4.59
324,San Pedro,PH,2021-12-29 02:07:00,14.35,121.0167,82.31,66,100,16.24
325,Chamrajnagar,IN,2021-12-29 02:07:01,11.9167,76.95,62.33,89,63,3.74
326,Kruisfontein,ZA,2021-12-29 02:07:01,-34.0033,24.7314,61.88,90,100,5.37
327,Gorontalo,ID,2021-12-29 02:07:02,0.5412,123.0595,88.56,56,55,4.23
328,Lagoa,PT,2021-12-29 02:07:02,39.05,-27.9833,61.52,79,100,19.55
329,Port Macquarie,AU,2021-12-29 02:07:03,-31.4333,152.9167,70.9,56,65,9.26
330,Rio Grande,BR,2021-12-29 02:07:03,-32.035,-52.0986,68.04,75,0,10.76
331,Pemba,MZ,2021-12-29 02:07:04,-12.974,40.5178,77.86,82,72,8.16
332,Berlevag,NO,2021-12-29 02:07:04,70.8578,29.0864,18.73,73,12,9.15
333,Shache,CN,2021-12-29 02:07:05,38.4167,77.2406,19.69,74,1,3.11
334,Xining,CN,2021-12-29 02:07:05,36.6167,101.7667,14.86,54,32,1.66
335,Nome,US,2021-12-29 02:04:13,64.5011,-165.4064,33.87,81,90,36.82
336,Karaton,ID,2021-12-29 02:07:06,-6.3424,106.1045,80.76,80,100,4.56
337,Karasburg,NA,2021-12-29 02:07:06,-28.0167,18.75,59.0,66,0,9.71
338,Marsh Harbour,BS,2021-12-29 02:05:27,26.5412,-77.0636,75.43,66,4,8.23
339,Tadine,NC,2021-12-29 02:07:07,-21.55,167.8833,83.59,75,84,9.57
340,Ila,NO,2021-12-29 02:07:08,63.4305,10.3705,33.96,83,97,4.59
341,Marawi,PH,2021-12-29 02:07:08,7.9986,124.2928,67.64,79,100,4.45
342,Muros,ES,2021-12-29 02:07:09,42.7762,-9.0603,62.98,92,100,13.87
343,Ahuimanu,US,2021-12-29 02:07:09,21.4447,-157.8378,76.71,72,40,4.0
344,Jumla,NP,2021-12-29 02:07:09,29.2747,82.1838,33.87,96,100,1.97
345,Maldonado,UY,2021-12-29 02:07:10,-34.6667,-54.9167,72.23,47,1,11.1
346,Zhanakorgan,KZ,2021-12-29 02:07:11,43.9098,67.2495,22.44,58,56,1.9
347,Ancud,CL,2021-12-29 02:07:11,-41.8697,-73.8203,61.43,92,27,5.73
348,Hualmay,PE,2021-12-29 02:07:12,-11.0964,-77.6139,69.3,88,100,6.15
349,Luancheng,CN,2021-12-29 02:07:13,37.8792,114.6517,34.84,30,0,7.07
350,Dogbo,BJ,2021-12-29 02:07:13,6.8167,1.7833,77.86,79,100,2.57
351,Menomonie,US,2021-12-29 02:07:14,44.8755,-91.9193,25.57,100,99,3.44
352,Bayan,CN,2021-12-29 02:07:15,46.0833,127.4,-5.39,78,2,8.05
353,Marzuq,YE,2021-12-29 02:07:15,14.4,46.4667,57.85,51,17,5.14
354,Burnie,AU,2021-12-29 02:07:16,-41.0667,145.9167,66.92,59,100,9.89
355,Antalya,TR,2021-12-29 02:05:19,36.7741,30.7178,52.09,87,75,5.75
356,Dhidhdhoo,MV,2021-12-29 02:07:16,6.8833,73.1,80.44,63,30,8.77
357,Galesong,ID,2021-12-29 02:07:17,-5.3166,119.3661,82.42,74,61,7.49
358,Baijiantan,CN,2021-12-29 02:07:17,45.6333,85.1833,11.71,86,10,1.5
359,Tautira,PF,2021-12-29 02:07:18,-17.7333,-149.15,77.02,75,100,9.69
360,Angoram,PG,2021-12-29 02:07:18,-4.0625,144.0661,84.88,78,100,2.82
361,Wanaka,NZ,2021-12-29 02:05:24,-44.7,169.15,60.55,61,89,2.39
362,Botou,CN,2021-12-29 02:05:14,38.0667,116.5667,33.58,26,0,7.61
363,Havoysund,NO,2021-12-29 02:07:19,70.9963,24.6622,14.88,83,99,9.73
364,Turan,VN,2021-12-29 02:02:31,16.0678,108.2208,73.38,83,75,4.61
365,Axim,GH,2021-12-29 02:07:20,4.8699,-2.2405,79.41,83,100,5.37
366,Adre,TD,2021-12-29 02:07:21,13.4667,22.2,65.89,21,60,14.52
367,Vila Velha,BR,2021-12-29 02:04:58,-20.3297,-40.2925,78.75,90,20,11.01
368,Luanda,AO,2021-12-29 02:05:05,-8.8368,13.2343,73.4,94,75,6.91
369,Seka,TH,2021-12-29 02:07:22,17.9285,103.9552,69.84,59,2,5.26
370,Nanortalik,GL,2021-12-29 02:07:22,60.1432,-45.2371,22.78,67,0,4.07
371,Sisimiut,GL,2021-12-29 02:08:23,66.9395,-53.6735,12.31,85,51,6.98
372,Slavyanka,RU,2021-12-29 02:08:23,42.8633,131.3847,23.79,55,100,7.54
373,Hervey Bay,AU,2021-12-29 02:08:24,-25.2986,152.8535,80.71,64,100,22.73
374,Hjelset,NO,2021-12-29 02:08:24,62.7833,7.4833,33.58,86,20,6.91
375,Port-Cartier,CA,2021-12-29 02:08:25,50.0334,-66.8654,30.42,97,100,8.97
376,La Paz,BO,2021-12-29 02:08:25,-16.5,-68.15,49.98,81,75,4.61
377,Flin Flon,CA,2021-12-29 02:06:05,54.7682,-101.865,-19.12,100,76,2.84
378,Zhigansk,RU,2021-12-29 02:08:26,66.7697,123.3711,-41.66,100,61,4.99
379,Richards Bay,ZA,2021-12-29 02:08:26,-28.783,32.0377,66.67,88,2,3.44
380,Usevya,TZ,2021-12-29 02:08:27,-7.1,31.2333,65.91,97,91,0.76
381,Daru,PG,2021-12-29 02:08:28,-9.0763,143.2092,88.32,61,99,18.43
382,Bialystok,PL,2021-12-29 02:06:25,53.1333,23.15,18.19,86,91,14.27
383,Ishinomaki,JP,2021-12-29 02:08:28,38.4167,141.3,43.52,55,13,14.9
384,Chivay,PE,2021-12-29 02:08:29,-15.6383,-71.6011,48.96,80,100,4.41
385,Medicine Hat,CA,2021-12-29 02:08:06,50.0501,-110.6683,-2.78,79,100,4.99
386,Sundumbili,ZA,2021-12-29 02:08:30,-29.1337,31.3975,65.34,91,14,3.44
387,Lamar,US,2021-12-29 02:08:30,33.6668,-95.5836,65.52,42,1,3.44
388,Ukiah,US,2021-12-29 02:05:46,39.1502,-123.2078,43.63,95,90,4.61
389,Baruun-Urt,MN,2021-12-29 02:08:31,46.6806,113.2792,-0.71,87,5,9.13
390,Kutum,SD,2021-12-29 02:08:32,14.2,24.6667,58.51,20,65,7.74
391,Dingle,PH,2021-12-29 02:08:32,10.9995,122.6711,77.61,86,100,14.74
392,Buchanan,LR,2021-12-29 02:08:33,5.8808,-10.0467,78.76,82,74,4.72
393,Coahuayana,MX,2021-12-29 02:08:33,18.7333,-103.6833,76.48,85,35,1.23
394,Shahr-E Babak,IR,2021-12-29 02:08:33,30.1165,55.1186,38.43,54,100,6.62
395,Tupanatinga,BR,2021-12-29 02:08:34,-8.7533,-37.3397,69.53,74,12,7.96
396,Faya,SA,2021-12-29 02:08:34,18.3851,42.4509,46.92,57,42,1.43
397,Fenoarivo,MG,2021-12-29 02:08:35,-18.933,47.4354,64.47,100,40,3.44
398,Abu Samrah,SY,2021-12-29 02:08:35,35.3029,37.1841,42.8,69,15,5.08
399,Mbaiki,CF,2021-12-29 02:08:36,3.8678,17.9892,69.24,95,100,2.3
400,Kungurtug,RU,2021-12-29 02:08:36,50.5994,97.5228,-11.34,97,34,1.21
401,Kaseda,JP,2021-12-29 02:08:37,31.4167,130.3167,53.87,76,84,5.23
402,Krasnyy Chikoy,RU,2021-12-29 02:08:37,50.3643,108.7512,2.73,93,100,4.9
403,General Roca,AR,2021-12-29 02:08:38,-39.0333,-67.5833,86.4,21,100,13.6
404,Sturgis,US,2021-12-29 02:08:38,41.7992,-85.4192,35.71,93,90,3.44
405,Ocos,GT,2021-12-29 02:08:39,14.5094,-92.1933,81.32,68,0,6.89
406,Ust-Ordynskiy,RU,2021-12-29 02:08:39,52.805,104.7508,-13.16,100,100,2.86
407,Hambantota,LK,2021-12-29 02:08:40,6.1241,81.1185,70.14,100,1,3.44
408,Lata,PT,2021-12-29 02:08:40,40.1629,-8.3327,59.81,93,100,3.33
409,Dordrecht,NL,2021-12-29 02:05:09,51.81,4.6736,50.0,93,100,7.0
410,Ewa Beach,US,2021-12-29 02:06:57,21.3156,-158.0072,76.95,67,1,12.66
411,Myre,NO,2021-12-29 02:08:41,69.1036,15.9492,24.75,64,98,9.82
412,Maloh,PH,2021-12-29 02:08:42,9.056,122.9851,77.72,86,100,13.27
413,Byron Bay,AU,2021-12-29 02:06:06,-28.65,153.6167,80.19,59,26,13.73
414,Kloulklubed,PW,2021-12-29 02:08:42,7.0419,134.2556,81.9,80,100,18.54
415,Jaleswar,NP,2021-12-29 02:08:43,26.6471,85.8008,57.4,88,100,13.67
416,Barcelona,ES,2021-12-29 02:05:08,41.3888,2.159,63.77,69,0,13.0
417,Grindavik,IS,2021-12-29 02:09:44,63.8424,-22.4338,30.67,74,75,28.77
418,Kieta,PG,2021-12-29 02:09:44,-6.2167,155.6333,86.23,69,57,6.24
419,Orotukan,RU,2021-12-29 02:09:45,62.2667,151.7,-23.35,99,100,4.74
420,Rorvik,NO,2021-12-29 02:09:45,64.8621,11.2373,26.64,72,74,15.97
421,Bagu,PH,2021-12-29 02:09:46,18.4228,121.3583,73.45,86,99,8.99
422,Navahrudak,BY,2021-12-29 02:09:46,53.6,25.8333,13.06,84,90,13.51
423,Clyde River,CA,2021-12-29 02:09:47,70.4692,-68.5914,-15.07,75,24,2.98
424,Santa Maria,BR,2021-12-29 02:09:47,-29.6842,-53.8069,72.01,50,71,9.08
425,Turayf,SA,2021-12-29 02:09:48,31.6725,38.6637,42.24,54,24,8.97
426,Tigil,RU,2021-12-29 02:09:48,57.8,158.6667,8.92,95,100,7.96
427,Valparaiso,CL,2021-12-29 02:09:12,-33.0393,-71.6273,65.48,81,40,4.61
428,Burgeo,CA,2021-12-29 02:09:49,47.6167,-57.6152,25.79,81,78,8.66
429,Agadez,NE,2021-12-29 02:09:49,19.75,10.25,57.52,25,3,7.47
430,Torbay,CA,2021-12-29 02:09:49,47.6666,-52.7314,34.57,94,90,26.46
431,Tamala,RU,2021-12-29 02:09:50,52.541,43.2515,4.3,95,100,8.84
432,Sussex,US,2021-12-29 02:07:32,41.1834,-74.6663,42.66,68,90,3.44
433,Sibolga,ID,2021-12-29 02:09:51,1.7427,98.7792,82.54,66,99,0.83
434,Sydney Mines,CA,2021-12-29 02:09:51,46.2367,-60.2177,34.25,94,100,1.01
435,Estelle,US,2021-12-29 02:09:52,29.8458,-90.1067,75.0,87,90,5.75
436,Caravelas,BR,2021-12-29 02:09:52,-17.7125,-39.2481,72.66,96,100,4.92
437,Kavaratti,IN,2021-12-29 02:09:53,10.5669,72.642,80.19,74,67,12.12
438,Ixtapa,MX,2021-12-29 02:09:53,20.7,-105.2,75.22,83,75,0.0
439,Sobolevo,RU,2021-12-29 02:09:54,54.4299,31.8996,7.3,97,67,6.46
440,Gunnedah,AU,2021-12-29 02:09:55,-30.9833,150.25,80.22,35,0,7.49
441,Bayir,TR,2021-12-29 02:09:55,37.2687,28.2167,50.52,93,100,9.06
442,Mumbwa,ZM,2021-12-29 02:09:56,-14.9783,27.0619,65.39,83,47,2.46
443,Puerto Escondido,MX,2021-12-29 02:09:56,15.85,-97.0667,77.83,73,1,5.75
444,Elko,US,2021-12-29 02:09:56,41.0002,-115.5012,16.05,96,86,5.17
445,Karachi,PK,2021-12-29 02:09:57,24.9056,67.0822,57.02,72,0,8.05
446,Tongliao,CN,2021-12-29 02:09:58,43.6125,122.2653,-0.02,85,21,4.27
447,Andijon,UZ,2021-12-29 02:09:58,40.7821,72.3442,25.88,86,90,0.0
448,Arroyo,ES,2021-12-29 02:09:59,41.6096,-4.7969,48.07,90,20,8.95
449,Luang Prabang,LA,2021-12-29 02:09:59,19.8856,102.1347,69.64,70,13,1.81
450,Lincoln,US,2021-12-29 02:07:31,40.8,-96.667,19.29,61,1,3.0
451,Methala,IN,2021-12-29 02:10:00,10.2166,76.2166,69.8,74,40,3.29
452,Logan Lake,CA,2021-12-29 02:10:00,50.4998,-120.8025,-7.6,98,100,4.9
453,Chippewa Falls,US,2021-12-29 02:10:01,44.9369,-91.3929,25.74,91,90,5.75
454,Kautokeino,NO,2021-12-29 02:10:01,69.0125,23.0412,-15.68,100,100,1.25
455,Ostrovnoy,RU,2021-12-29 02:10:02,68.0531,39.5131,0.43,95,22,11.32
456,Baghdad,IQ,2021-12-29 02:08:52,33.3406,44.4009,44.51,61,75,2.3
457,Araripe,BR,2021-12-29 02:10:03,-7.2125,-40.0461,72.91,65,94,6.42
458,Naryan-Mar,RU,2021-12-29 02:10:03,67.6713,53.087,12.69,93,100,12.06
459,Vanimo,PG,2021-12-29 02:10:03,-2.6741,141.3028,84.07,73,100,6.53
460,Nhulunbuy,AU,2021-12-29 02:10:04,-12.2333,136.7667,86.61,66,75,14.97
461,Manavalakurichi,IN,2021-12-29 02:10:04,8.1333,77.3,75.29,76,60,7.09
462,Camana,PE,2021-12-29 02:11:05,-16.6228,-72.7111,70.2,84,83,4.61
463,Chapais,CA,2021-12-29 02:11:06,49.7834,-74.8492,-2.79,99,34,3.11
464,Serro,BR,2021-12-29 02:11:06,-18.6047,-43.3794,65.17,97,29,2.91
465,Seoul,KR,2021-12-29 02:08:43,37.5683,126.9778,38.68,92,99,1.7
466,Vestmannaeyjar,IS,2021-12-29 02:11:07,63.4427,-20.2734,31.93,76,44,11.88
467,Solnechnyy,RU,2021-12-29 02:11:07,50.7214,136.6319,-14.03,88,75,3.02
468,Mananjary,MG,2021-12-29 02:11:08,-21.2167,48.3333,76.26,86,100,3.02
469,Kaabong,UG,2021-12-29 02:11:08,3.4836,34.1492,63.95,67,39,5.41
470,Lumphat,KH,2021-12-29 02:11:09,13.4878,106.9816,81.77,53,10,9.31
471,Khromtau,KZ,2021-12-29 02:11:09,50.2503,58.4347,-5.76,91,8,6.33
472,Araguaina,BR,2021-12-29 02:11:10,-7.1911,-48.2072,72.63,94,89,3.53
473,Canutama,BR,2021-12-29 02:11:10,-6.5339,-64.3831,74.84,98,100,1.34
474,Okhotsk,RU,2021-12-29 02:11:11,59.3833,143.3,-7.64,77,100,15.26
475,Bud,US,2021-12-29 02:11:12,39.447,-86.1758,50.31,96,92,9.37
476,Puerto Quijarro,BO,2021-12-29 02:11:12,-17.7833,-57.7667,78.8,75,9,2.62
477,Biabou,VC,2021-12-29 02:11:12,13.2,-61.1333,78.89,75,36,16.31
478,Coihaique,CL,2021-12-29 02:11:13,-45.5752,-72.0662,62.55,55,100,2.3
479,Cacapava Do Sul,BR,2021-12-29 02:11:13,-30.5122,-53.4914,61.14,62,0,5.55
480,Tuntum,BR,2021-12-29 02:10:26,-5.2581,-44.6489,71.82,95,99,1.3
481,Fort Nelson,CA,2021-12-29 02:11:14,58.8053,-122.7002,-19.3,99,24,2.98
482,Phonhong,LA,2021-12-29 02:11:15,18.5007,102.4166,66.02,67,1,1.39
483,Ornskoldsvik,SE,2021-12-29 02:11:15,63.2909,18.7153,31.15,100,90,2.3
484,Dunedin,NZ,2021-12-29 02:11:16,-45.8742,170.5036,59.81,62,91,3.0
485,Altay,CN,2021-12-29 02:11:16,47.8667,88.1167,9.18,55,6,7.18
486,Niono,ML,2021-12-29 02:11:16,14.2526,-5.993,69.15,16,100,9.4
487,Senno,RU,2021-12-29 02:11:17,59.5336,33.9167,17.47,95,100,5.91
488,Avera,US,2021-12-29 02:11:17,33.194,-82.5271,69.71,87,23,10.63
489,Marathon,US,2021-12-29 02:11:18,44.9,-89.7668,24.33,92,90,10.36
490,Jalu,LY,2021-12-29 02:11:18,29.0331,21.5482,57.54,52,21,8.88
491,Taoudenni,ML,2021-12-29 02:11:19,22.6783,-3.9836,66.67,25,100,9.75
492,Mattru,SL,2021-12-29 02:11:19,7.6244,-11.8332,75.2,89,84,0.65
493,Policoro,IT,2021-12-29 02:11:20,40.2115,16.6726,53.58,97,99,3.89
494,Nichinan,JP,2021-12-29 02:11:21,31.6,131.3667,49.91,81,99,3.94
495,Chumikan,RU,2021-12-29 02:11:21,54.7183,135.315,-22.41,88,20,12.24
496,Central Point,US,2021-12-29 02:11:22,42.376,-122.9164,35.73,93,90,0.0
497,Brae,GB,2021-12-29 02:11:22,60.3964,-1.353,44.51,86,79,3.58
498,Athabasca,CA,2021-12-29 02:06:23,54.7169,-113.2854,-7.71,89,100,11.74
499,Dinganen,PH,2021-12-29 02:11:23,7.3283,124.3783,80.58,72,100,4.85
500,Ginda,IN,2021-12-29 02:11:23,30.6945,78.4932,34.18,53,10,4.68
501,Nouadhibou,MR,2021-12-29 02:11:24,20.931,-17.0347,68.2,67,0,11.23
502,Hegang,CN,2021-12-29 02:11:24,47.4,130.3667,-4.59,71,2,7.2
503,Yantal,RU,2021-12-29 02:11:25,56.8471,105.2542,-26.1,100,39,2.89
504,Isangel,VU,2021-12-29 02:07:47,-19.55,169.2667,86.11,84,75,6.91
505,Cabanglasan,PH,2021-12-29 02:12:25,8.1214,125.3275,73.33,94,100,1.41
506,Alice,US,2021-12-29 02:12:26,27.7523,-98.0697,74.77,85,1,8.05
507,Chiang Khong,TH,2021-12-29 02:12:26,20.2613,100.4046,75.63,72,10,1.95
508,Harper,LR,2021-12-29 02:12:27,4.375,-7.7169,78.96,83,95,6.02
509,Muncar,ID,2021-12-29 02:12:28,-8.4333,114.3333,85.75,66,59,5.61
510,Jiuquan,CN,2021-12-29 02:12:28,39.7432,98.5174,13.51,66,6,2.71
511,Uruzgan,AF,2021-12-29 02:12:28,32.8333,66.0,28.45,18,96,6.6
512,Alihe,CN,2021-12-29 02:12:29,50.5667,123.7167,-3.57,62,19,7.54
513,Kemise,ET,2021-12-29 02:12:29,10.7167,39.8667,61.7,67,87,3.62
514,Taunsa,PK,2021-12-29 02:12:30,30.7048,70.6505,50.22,67,0,3.18
515,Mount Gambier,AU,2021-12-29 02:12:30,-37.8333,140.7667,74.5,41,0,9.93
516,Yamethin,MM,2021-12-29 02:12:31,20.4333,96.15,67.84,63,0,5.84
517,Kiama,AU,2021-12-29 02:12:31,-34.6833,150.8667,76.37,63,40,3.0
518,Olafsvik,IS,2021-12-29 02:12:32,64.8945,-23.7142,31.44,72,84,35.97
519,Nantucket,US,2021-12-29 02:10:05,41.2835,-70.0995,42.94,73,100,19.44
520,Banepa,NP,2021-12-29 02:12:32,27.6298,85.5214,44.92,100,75,2.3
521,Qaqortoq,GL,2021-12-29 02:12:33,60.7167,-46.0333,19.9,60,0,5.77
522,Tambopata,PE,2021-12-29 02:12:33,-12.7333,-69.1833,77.43,81,100,2.51
523,Carutapera,BR,2021-12-29 02:12:34,-1.195,-46.02,76.48,93,57,5.77
524,Chaihe,CN,2021-12-29 02:12:34,44.7667,129.7,4.14,73,4,9.82
525,Kununurra,AU,2021-12-29 02:12:35,-15.7667,128.7333,94.98,46,63,6.91
526,Kolokani,ML,2021-12-29 02:12:35,13.5728,-8.0339,66.45,18,4,9.15
527,Mayo,US,2021-12-29 02:12:36,38.8876,-76.5119,54.25,68,90,3.0
528,Machinga,MW,2021-12-29 02:12:36,-15.1685,35.3,72.72,63,88,4.34
529,Behshahr,IR,2021-12-29 02:12:37,36.6923,53.5526,47.66,47,100,3.87
530,San Policarpo,PH,2021-12-29 02:12:37,12.1791,125.5072,79.16,82,100,20.96
531,San Francisco,US,2021-12-29 02:08:12,37.7749,-122.4194,49.03,84,90,1.01
532,Alberdi,AR,2021-12-29 02:12:37,-32.8899,-60.6906,90.03,44,0,1.99
533,Erenhot,CN,2021-12-29 02:12:38,43.6475,111.9767,10.6,65,97,10.94
534,Piacabucu,BR,2021-12-29 02:12:39,-10.4056,-36.4344,76.77,79,0,5.26
535,Zanjan,IR,2021-12-29 02:12:39,36.6736,48.4787,31.3,57,100,3.42
536,Honiara,SB,2021-12-29 02:12:39,-9.4333,159.95,86.49,71,96,6.51
537,Krivodanovka,RU,2021-12-29 02:12:40,55.0881,82.6551,19.53,73,75,13.0
538,Fare,PF,2021-12-29 02:12:40,-16.7,-151.0167,80.89,72,100,9.91
539,La Palma,US,2021-12-29 02:12:41,33.8464,-118.0467,54.36,74,1,0.0
540,Omagh,GB,2021-12-29 02:12:41,54.6,-7.3,39.18,99,100,5.06
541,Sungaipenuh,ID,2021-12-29 02:12:42,-2.0833,101.3833,71.82,79,100,1.74
542,Port Lincoln,AU,2021-12-29 02:12:42,-34.7333,135.8667,71.38,60,0,12.57
543,Uinskoye,RU,2021-12-29 02:12:43,56.8817,56.5813,-4.97,97,97,9.71
544,Anadyr,RU,2021-12-29 02:12:43,64.75,177.4833,0.48,77,90,24.61
545,Manggar,ID,2021-12-29 02:12:44,-2.8833,108.2667,81.64,76,100,7.09
546,Mbala,ZM,2021-12-29 02:12:44,-8.8402,31.3659,61.21,82,93,3.47
547,Almaznyy,RU,2021-12-29 02:13:45,48.0448,40.045,30.34,97,100,15.08
548,Conakry,GN,2021-12-29 02:10:59,9.538,-13.6773,70.36,63,5,1.7
549,Aleksandrov Gay,RU,2021-12-29 02:13:45,50.147,48.5704,5.38,90,100,8.81
550,Keflavik,IS,2021-12-29 02:13:46,64.0049,-22.5624,30.63,74,75,28.77
551,Gat,IL,2021-12-29 02:13:46,31.61,34.7642,54.39,100,99,7.92
552,Sola,VU,2021-12-29 02:13:46,-13.8833,167.55,83.1,76,73,9.8
553,Campo Maior,BR,2021-12-29 02:13:47,-4.8278,-42.1686,77.77,81,100,3.56
554,Holland,US,2021-12-29 02:12:53,42.7875,-86.1089,32.41,93,90,1.01
555,Zhanaozen,KZ,2021-12-29 02:13:47,43.3,52.8,29.23,79,9,10.27
556,Novyy Urgal,RU,2021-12-29 02:13:48,51.0736,132.5642,-25.46,94,97,1.25
557,Sterling,US,2021-12-29 02:10:51,39.0062,-77.4286,54.59,48,90,1.99
558,Changli,CN,2021-12-29 02:13:48,39.7042,119.1506,29.08,22,0,5.23
559,Iranshahr,IR,2021-12-29 02:13:49,27.2025,60.6848,55.29,32,7,5.59
560,Culaman,PH,2021-12-29 02:13:49,5.9603,125.6586,82.51,71,99,11.3
561,Bilibino,RU,2021-12-29 02:13:50,68.0546,166.4372,-24.02,93,100,7.38
562,Yaan,NG,2021-12-29 02:13:50,7.3833,8.5667,76.42,24,100,4.47
563,Griffith,US,2021-12-29 02:13:19,41.5284,-87.4237,37.33,93,90,3.44
564,Port Hardy,CA,2021-12-29 02:13:51,50.6996,-127.4199,29.75,81,99,3.4
565,Nizwa,OM,2021-12-29 02:13:51,22.9333,57.5333,62.17,92,92,2.08
566,Ingham,US,2021-12-29 02:13:52,42.6,-84.3833,33.31,93,90,9.22
567,Waddan,LY,2021-12-29 02:13:52,29.1614,16.139,55.4,61,0,6.22
568,Morden,CA,2021-12-29 02:13:52,49.1919,-98.1014,-8.77,92,58,7.7
569,Miandrivazo,MG,2021-12-29 02:13:53,-19.5167,45.4667,78.4,82,100,1.32
570,Lakeside,US,2021-12-29 02:13:53,30.13,-81.7682,66.97,81,20,4.61
571,Isla Mujeres,MX,2021-12-29 02:13:54,21.2311,-86.731,78.85,76,8,13.91
572,Dabakala,CI,2021-12-29 02:13:54,8.3667,-4.4333,75.25,21,93,3.36
573,Moron,AR,2021-12-29 02:13:55,-34.6534,-58.6198,87.03,57,100,1.01
574,Kavieng,PG,2021-12-29 02:13:55,-2.5744,150.7967,84.24,68,83,4.0
575,Aksu,CN,2021-12-29 02:13:56,41.1231,80.2644,19.13,77,98,2.17
576,Saint Pete Beach,US,2021-12-29 02:13:56,27.7253,-82.7412,73.45,76,1,1.01
577,Amuntai,ID,2021-12-29 02:13:56,-2.4177,115.2494,79.05,84,100,2.46
578,Banda Aceh,ID,2021-12-29 02:13:57,5.5577,95.3222,80.83,72,81,10.09
579,Matay,EG,2021-12-29 02:13:57,28.419,30.7792,51.55,70,6,4.25
580,Hit,IQ,2021-12-29 02:13:58,33.6416,42.8251,46.78,49,100,2.82
581,Bowen,AU,2021-12-29 02:13:58,-20.0167,148.2333,76.01,86,100,7.0
582,Bucerias,MX,2021-12-29 02:09:26,20.75,-105.3333,75.97,83,75,0.0
583,Acapulco,MX,2021-12-29 02:13:59,16.8634,-99.8901,78.62,78,1,4.61
584,Yarmouth,US,2021-12-29 02:14:00,41.7057,-70.2286,42.94,80,90,8.01
585,Bilara,IN,2021-12-29 02:14:00,26.1792,73.7056,53.51,83,3,6.98
586,Breytovo,RU,2021-12-29 02:14:00,58.2993,37.8617,5.38,99,100,5.66
587,Curuguaty,PY,2021-12-29 02:14:01,-24.4694,-55.6945,77.02,30,80,3.36
588,Tabatinga,BR,2021-12-29 02:14:01,-4.2525,-69.9381,78.89,100,40,2.3
589,Darhan,MN,2021-12-29 02:14:02,49.4867,105.9228,2.79,86,100,4.79
590,Husavik,IS,2021-12-29 02:14:02,66.0449,-17.3389,26.91,80,100,15.88
